FeatureIdx,FeatureName,Importance_Score,T1RF,T1RS,T2RF,T2RS,T3RF,T3RS,T4RF,T4RS,T5RF,T5RS
102568,cg06358970,1.0,cg10104482,0.4662266671657562,cg17842912,0.4596589505672455,cg17150474,0.4478748142719269,cg12443753,0.4443499445915222,cg22093805,0.4428750276565552
242478,cg15934776,0.16679269075393677,cg22039234,0.5853488445281982,cg25354918,0.5609108209609985,cg19542849,0.4398665726184845,cg11298724,0.3838610351085663,cg26355072,0.35039764642715454
272284,cg18126442,0.12053656578063965,cg02931001,0.5510624647140503,cg00592781,0.5380322933197021,cg11229513,0.5326946973800659,cg13612083,0.5280075669288635,cg02488942,0.5174480676651001
24382,cg01416891,0.0975361242890358,cg18217235,0.5294723510742188,cg11770080,0.47105059027671814,cg05940231,0.4691365659236908,cg03457195,0.46192389726638794,cg13223107,0.460646390914917
91985,cg05630556,0.012808220461010933,cg24053748,0.3992040157318115,cg02624770,0.3940666913986206,cg14380094,0.36709529161453247,cg12766736,0.3635066747665405,cg03711485,0.3634166419506073
