FeatureIdx,FeatureName,Importance_Score,T1RF,T1RS,T2RF,T2RS,T3RF,T3RS,T4RF,T4RS,T5RF,T5RS
80296,cg04875128,1.0,cg11377136,0.7070266604423523,cg19792599,0.6908693313598633,cg18274480,0.6781031489372253,cg21399832,0.6694707870483398,cg03544320,0.6649497151374817
314677,cg21399832,0.2824651598930359,cg13327545,0.7749757170677185,cg07792478,0.7605898976325989,cg15027907,0.7594276666641235,cg25514273,0.7561620473861694,cg16391955,0.7498553395271301
233582,cg15256305,0.27315664291381836,cg10184983,0.8501062989234924,cg22904737,0.611655056476593,cg14424407,0.5872045159339905,cg25467973,0.5341871380805969,cg23614791,0.5332607626914978
310292,cg21051964,0.11311530321836472,cg09932758,0.399771511554718,cg04359418,0.3444209694862366,cg08274637,0.3390132486820221,cg26422151,0.3320710062980652,cg14906690,0.3315243124961853
62331,cg03735012,0.032104577869176865,cg07351192,0.75786292552948,cg15027907,0.7547531127929688,cg18384778,0.752460777759552,cg16768018,0.7522329688072205,cg22759823,0.7512989640235901
