FeatureIdx,FeatureName,Importance_Score,T1RF,T1RS,T2RF,T2RS,T3RF,T3RS,T4RF,T4RS,T5RF,T5RS
88937,cg05415871,1.0,cg22641350,0.7734156847000122,cg24530480,0.5256878733634949,cg04507915,0.35065919160842896,cg21453840,0.33153653144836426,cg08396985,0.32252252101898193
220735,cg14383422,0.17242570221424103,cg24029517,0.6221330165863037,cg25561762,0.6153552532196045,cg21210224,0.5726615190505981,cg21399832,0.5708709955215454,cg18020955,0.570298969745636
62331,cg03735012,0.12822872400283813,cg23290344,0.6738682985305786,cg05661282,0.6620325446128845,cg15027907,0.657662034034729,cg24909548,0.6524797081947327,cg05037927,0.6519117951393127
27330,cg01596963,0.07755464315414429,cg04023483,0.5466452836990356,cg08274637,0.5431509017944336,cg27102629,0.5417134761810303,cg14906690,0.5182915925979614,cg13846270,0.504447877407074
331823,cg22795586,0.006571985315531492,cg06926146,0.7870773673057556,cg13703871,0.6989264488220215,cg22797031,0.6966764330863953,cg05037927,0.6939051151275635,cg20431250,0.685235857963562
