FeatureIdx,FeatureName,Importance_Score,T1RF,T1RS,T2RF,T2RS,T3RF,T3RS,T4RF,T4RS,T5RF,T5RS
321592,cg21946667,1.0,228295,0.5205397605895996,52749,0.516586184501648,383283,0.5107981562614441,27331,0.5076155066490173,192856,0.5069820284843445
99434,cg06128509,0.4512461721897125,34815,0.6314965486526489,241680,0.6279115676879883,199796,0.6264684200286865,240783,0.6234774589538574,327817,0.622279167175293
230227,cg15004938,0.42546606063842773,23052,0.4803917706012726,235833,0.4629572927951813,75879,0.46292057633399963,276632,0.4601145386695862,248580,0.45804011821746826
18589,cg01062443,0.3762771785259247,362669,0.6957140564918518,96746,0.65386962890625,270399,0.6476637721061707,264188,0.6462977528572083,237391,0.6457770466804504
345839,cg23838005,0.35438305139541626,90309,0.6685828566551208,70888,0.6405913829803467,199391,0.6351425647735596,362669,0.6262904405593872,269707,0.6255422234535217
