FeatureIdx,FeatureName,Importance_Score,T1RF,T1RS,T2RF,T2RS,T3RF,T3RS,T4RF,T4RS,T5RF,T5RS
80296,cg04875128,1.0,cg11377136,0.7070267796516418,cg19792599,0.6908694505691528,cg18274480,0.6781029105186462,cg21399832,0.6694707274436951,cg03544320,0.6649497151374817
314677,cg21399832,0.2824610471725464,cg13327545,0.7749757170677185,cg07792478,0.7605897784233093,cg15027907,0.7594276666641235,cg25514273,0.7561619877815247,cg16391955,0.7498552799224854
233582,cg15256305,0.27315470576286316,cg10184983,0.8501062393188477,cg22904737,0.6116549372673035,cg14424407,0.5872045755386353,cg25467973,0.5341872572898865,cg23614791,0.533260703086853
310292,cg21051964,0.11310984194278717,cg09932758,0.39977145195007324,cg04359418,0.344420850276947,cg08274637,0.3390131890773773,cg26422151,0.33207106590270996,cg14906690,0.3315243422985077
62331,cg03735012,0.032104551792144775,cg07351192,0.7578628063201904,cg15027907,0.7547532320022583,cg18384778,0.7524607181549072,cg16768018,0.7522327303886414,cg22759823,0.7512990832328796
