FeatureIdx,FeatureName,Importance_Score,T1RF,T1RS,T2RF,T2RS,T3RF,T3RS,T4RF,T4RS,T5RF,T5RS
182122,cg11777506,1.0,69872,0.7610191702842712,220025,0.7438880205154419,44955,0.72955322265625,57948,0.7270429134368896,284731,0.7224412560462952
220025,cg14337027,0.760636031627655,323946,0.9108847379684448,48193,0.900345504283905,284731,0.8777082562446594,251240,0.8774294853210449,381538,0.8733394145965576
34755,cg02052915,0.17016364634037018,155544,0.9173904657363892,75650,0.9008523225784302,190369,0.8999627828598022,298407,0.8983344435691833,218205,0.8673652410507202
198761,cg13017471,0.05616627633571625,320678,0.7812035083770752,302290,0.7763843536376953,236499,0.757958173751831,191001,0.7527798414230347,40230,0.7443169355392456
92728,cg05678033,0.03399502858519554,58561,0.7113587856292725,229966,0.6703407764434814,12784,0.6342413425445557,103970,0.6105862855911255,273253,0.609322190284729
