FeatureIdx,FeatureName,Importance_Score,T1RF,T1RS,T2RF,T2RS,T3RF,T3RS,T4RF,T4RS,T5RF,T5RS
258658,cg17098965,1.0,388005,0.6593097448348999,143544,0.6561147570610046,199391,0.6346026062965393,133987,0.616247296333313,272514,0.6145046949386597
51639,cg03068376,0.5122479796409607,37595,0.5964223742485046,92393,0.5950175523757935,272519,0.5917516946792603,257505,0.5902607440948486,10546,0.586495041847229
150987,cg09545123,0.5032634139060974,82312,0.5619627833366394,176658,0.5582783818244934,267298,0.5532491207122803,210761,0.5460931658744812,364443,0.5424455404281616
394475,cg27413732,0.25598666071891785,270934,0.46316954493522644,129601,0.45492103695869446,84860,0.44781410694122314,315592,0.4454754889011383,196388,0.44337210059165955
397383,cg27627006,0.10792458057403564,153555,0.6843597888946533,44955,0.6479949355125427,128871,0.6389238834381104,303643,0.626922607421875,133987,0.62265545129776
