{
    "numFeat10": {
        "modelParams": {
            "C": 891.3523580985755,
            "gamma": 0.014303190402926047,
            "kernel": "rbf"
        },
        "testAcc": 0.9787
    }
}
