{
    "numFeat10": {
        "modelParams": {
            "C": 508.1561917028417,
            "gamma": 0.01054915980770477,
            "kernel": "rbf"
        },
        "testAcc": 0.9104
    }
}
