FeatureIdx,FeatureName,Importance_Score,T1RF,T1RS,T2RF,T2RS,T3RF,T3RS,T4RF,T4RS,T5RF,T5RS
18588,cg01062443,1.0,cg25072336,0.6957141160964966,cg05948372,0.6538695693016052,cg18001780,0.6476637721061707,cg17501395,0.6462976932525635,cg15565057,0.6457769870758057
51638,cg03068376,0.7398520112037659,cg02229757,0.5964224338531494,cg05656374,0.5950175523757935,cg18143701,0.591751754283905,cg17012665,0.5902608036994934,cg00590761,0.5864951610565186
394474,cg27413732,0.5953316688537598,cg18038269,0.46316951513290405,cg08092105,0.4549209773540497,cg05163588,0.44781407713890076,cg21478137,0.4454754590988159,cg12822074,0.44337210059165955
386712,cg26864230,0.4835728108882904,cg06531379,0.6360865235328674,cg08260398,0.608587920665741,cg16013720,0.5400574207305908,cg21535606,0.5260159969329834,cg20284629,0.5090458989143372
150986,cg09545123,0.4137175679206848,cg04999148,0.5619627237319946,cg11367136,0.5582783222198486,cg17766062,0.5532490611076355,cg13801712,0.5460931658744812,cg25210936,0.5424455404281616
