{
    "numFeat10": {
        "modelParams": {
            "C": 991.3544095345402,
            "gamma": 0.004425776615827309,
            "kernel": "rbf"
        },
        "testAcc": 0.8293
    }
}
