FeatureIdx,FeatureName,Importance_Score,T1RF,T1RS,T2RF,T2RS,T3RF,T3RS,T4RF,T4RS,T5RF,T5RS
103011,cg06385324,1.0,140923,0.601668119430542,51995,0.5973470211029053,314963,0.5944578647613525,394942,0.5850090384483337,371321,0.5808197855949402
51639,cg03068376,0.9232112765312195,278163,0.5687114596366882,39823,0.5638235211372375,292774,0.562864363193512,37595,0.5467777252197266,394942,0.5455691814422607
386713,cg26864230,0.2313278764486313,105123,0.65425705909729,132280,0.6322481036186218,62335,0.5292173624038696,316383,0.5268254280090332,243559,0.5219380855560303
150987,cg09545123,0.14979080855846405,176658,0.5377505421638489,82312,0.5337231159210205,364443,0.5322021245956421,175703,0.5282084941864014,392581,0.5274652242660522
143235,cg09007236,0.00955012533813715,394942,0.7689393162727356,177023,0.7480107545852661,158908,0.74417644739151,63657,0.7438803911209106,343897,0.7364509105682373
